lemma,n_lemma_paras,prop_issue_1,prop_issue_2,prop_issue_3,prop_issue_4_5,prop_issue_6,direction,ca_stat,p,q_trend
obediencia,122,0.0025,0.0,0.0044,0.0015,0.2511,rising,17.193,0.0,0.0
ley,135,0.0093,0.0104,0.0074,0.024,0.214,rising,14.236,0.0,0.0
orden,151,0.0135,0.0124,0.0206,0.0075,0.2402,rising,13.946,0.0,0.0
militar,90,0.0025,0.0021,0.0074,0.0,0.1769,rising,13.886,0.0,0.0
delito,68,0.0008,0.0,0.0,0.0,0.1463,rising,13.292,0.0,0.0
debido,54,0.0,0.0,0.0,0.0,0.1179,rising,12.122,0.0,0.0
penal,46,0.0,0.0,0.0,0.0,0.1004,rising,11.175,0.0,0.0
responsabilidad,75,0.0051,0.0021,0.0088,0.0045,0.1288,rising,10.939,0.0,0.0
subordinado,41,0.0,0.0,0.0,0.0,0.0895,rising,10.542,0.0,0.0
derecho,80,0.0084,0.0062,0.0044,0.0015,0.1376,rising,10.43,0.0,0.0
eximente,35,0.0,0.0,0.0,0.0,0.0764,rising,9.732,0.0,0.0
superior,51,0.0051,0.0,0.0,0.0,0.0983,rising,9.434,0.0,0.0
deber,31,0.0,0.0,0.0015,0.0,0.0655,rising,8.904,0.0,0.0
juridico,38,0.0017,0.0021,0.0,0.0,0.0764,rising,8.904,0.0,0.0
mandato,29,0.0,0.0021,0.0,0.0015,0.059,rising,8.335,0.0,0.0
politico,163,0.0253,0.0062,0.0706,0.0225,0.1463,rising,8.087,0.0,0.0
constitucional,24,0.0,0.0,0.0,0.0,0.0524,rising,8.046,0.0,0.0
ilicito,21,0.0,0.0,0.0,0.0,0.0459,rising,7.523,0.0,0.0
civil,25,0.0,0.0,0.0029,0.0015,0.048,rising,7.519,0.0,0.0
tribunal,24,0.0008,0.0,0.0,0.0015,0.048,rising,7.338,0.0,0.0
extraordinario,19,0.0,0.0,0.0,0.0,0.0415,rising,7.154,0.0,0.0
atroz,23,0.0008,0.0,0.0,0.0015,0.0459,rising,7.152,0.0,0.0
sentencia,23,0.0008,0.0,0.0,0.003,0.0437,rising,7.007,0.0,0.0
recurso,37,0.0034,0.0062,0.0015,0.0,0.0633,rising,6.923,0.0,0.0
judicial,16,0.0,0.0,0.0,0.0,0.0349,rising,6.562,0.0,0.0
amnistir,19,0.0008,0.0,0.0,0.0,0.0393,rising,6.517,0.0,0.0
cumplimiento,15,0.0,0.0,0.0,0.0,0.0328,rising,6.353,0.0,0.0
inconstitucionalidad,15,0.0,0.0,0.0,0.0,0.0328,rising,6.353,0.0,0.0
principio,34,0.0051,0.0,0.0015,0.003,0.0546,rising,6.253,0.0,0.0
discurso,114,0.0143,0.0104,0.0471,0.0419,0.0699,rising,6.243,0.0,0.0
culpabilidad,20,0.0008,0.0021,0.0,0.0015,0.0371,rising,6.1,0.0,0.0
acto,42,0.0025,0.0083,0.0088,0.012,0.0459,rising,5.948,0.0,0.0
tortura,36,0.0025,0.0083,0.0074,0.0,0.0524,rising,5.932,0.0,0.0
juez,12,0.0,0.0,0.0,0.0,0.0262,rising,5.68,0.0,0.0
mando,12,0.0,0.0,0.0,0.0,0.0262,rising,5.68,0.0,0.0
aplicacion,17,0.0008,0.0,0.0,0.0045,0.0284,rising,5.588,0.0,0.0
argentino,60,0.0,0.0062,0.0441,0.0165,0.0349,rising,5.583,0.0,0.0
dinero,65,0.0429,0.0062,0.0132,0.003,0.0,falling,-6.856,0.0,0.0
judio,66,0.0556,0.0,0.0,0.0,0.0,falling,-9.266,0.0,0.0
ilicitud,11,0.0,0.0,0.0,0.0,0.024,rising,5.437,0.0,1e-06
jurisprudencia,11,0.0,0.0,0.0,0.0,0.024,rising,5.437,0.0,1e-06
presuncion,11,0.0,0.0,0.0,0.0,0.024,rising,5.437,0.0,1e-06
desobediencia,14,0.0008,0.0,0.0,0.0,0.0284,rising,5.395,0.0,1e-06
organizacion,14,0.0,0.0,0.0015,0.003,0.024,rising,5.395,0.0,1e-06
guerra,93,0.0067,0.0332,0.0456,0.006,0.0742,rising,5.386,0.0,1e-06
divino,33,0.0253,0.0,0.0015,0.0,0.0044,falling,-5.311,0.0,2e-06
autoridad,33,0.0042,0.0021,0.0059,0.006,0.0415,rising,5.213,0.0,3e-06
coaccion,10,0.0,0.0,0.0,0.0,0.0218,rising,5.183,0.0,3e-06
ilegitimo,10,0.0,0.0,0.0,0.0,0.0218,rising,5.183,0.0,3e-06
legitimidad,16,0.0017,0.0,0.0,0.0,0.0306,rising,5.176,0.0,3e-06
hecho,45,0.0084,0.0041,0.0059,0.006,0.0546,rising,5.032,0.0,7e-06
servicio,25,0.0034,0.0,0.0044,0.0015,0.0371,rising,5.02,1e-06,7e-06
justificacion,11,0.0,0.0,0.0,0.003,0.0197,rising,5.019,1e-06,7e-06
ciego,18,0.0017,0.0021,0.0,0.0015,0.0306,rising,5.001,1e-06,7e-06
aberrant,10,0.0,0.0,0.0,0.0015,0.0197,rising,4.964,1e-06,8e-06
revision,10,0.0,0.0,0.0,0.0015,0.0197,rising,4.964,1e-06,8e-06
traduccion,66,0.0219,0.0664,0.0088,0.003,0.0,falling,-4.969,1e-06,8e-06
oficial,21,0.0017,0.0,0.0044,0.0045,0.0284,rising,4.95,1e-06,9e-06
ilegal,12,0.0008,0.0,0.0,0.0,0.024,rising,4.88,1e-06,1.3e-05
caracter,42,0.0059,0.0062,0.0059,0.0135,0.0415,rising,4.874,1e-06,1.3e-05
agravio,11,0.0,0.0021,0.0,0.0,0.0218,rising,4.81,2e-06,1.7e-05
instancia,13,0.0,0.0,0.0015,0.006,0.0175,rising,4.759,2e-06,2.2e-05
articulo,10,0.0,0.0,0.0,0.003,0.0175,rising,4.745,2e-06,2.3e-05
jefe,12,0.0008,0.0,0.0,0.0015,0.0218,rising,4.68,3e-06,3.1e-05
antisemitismo,17,0.0143,0.0,0.0,0.0,0.0,falling,-4.669,3e-06,3.3e-05
general,21,0.0017,0.0,0.0074,0.0015,0.0284,rising,4.647,3e-06,3.6e-05
error,36,0.0059,0.0,0.0074,0.012,0.0349,rising,4.541,6e-06,5.8e-05
revolucionario,10,0.0,0.0,0.0015,0.0015,0.0175,rising,4.526,6e-06,6.2e-05
represion,18,0.0017,0.0041,0.0,0.0015,0.0284,rising,4.51,6e-06,6.6e-05
impunidad,12,0.0008,0.0,0.0015,0.0,0.0218,rising,4.48,7e-06,7.5e-05
poder,14,0.0017,0.0,0.0,0.0015,0.024,rising,4.469,8e-06,7.7e-05
anormal,15,0.0126,0.0,0.0,0.0,0.0,falling,-4.385,1.2e-05,0.000113
edad,34,0.0194,0.0083,0.0088,0.0015,0.0,falling,-4.355,1.3e-05,0.000128
criminal,10,0.0008,0.0,0.0,0.0,0.0197,rising,4.307,1.7e-05,0.000157
causa,22,0.0017,0.0,0.0088,0.0045,0.024,rising,4.299,1.7e-05,0.00016
institucion,14,0.0008,0.0021,0.0015,0.0015,0.0218,rising,4.284,1.8e-05,0.000169
disposicion,20,0.0008,0.0062,0.0044,0.0015,0.0262,rising,4.239,2.2e-05,0.000205
discursivo,11,0.0,0.0,0.0029,0.003,0.0153,rising,4.184,2.9e-05,0.000256
cristiano,38,0.0244,0.0021,0.0044,0.003,0.0066,falling,-4.182,2.9e-05,0.000256
pobre,17,0.0135,0.0,0.0,0.0015,0.0,falling,-4.165,3.1e-05,0.000269
salvacion,17,0.0126,0.0021,0.0015,0.0,0.0,falling,-4.165,3.1e-05,0.000269
rebelion,16,0.0025,0.0,0.0015,0.0,0.0262,rising,4.136,3.5e-05,0.000301
persecucion,23,0.016,0.0,0.0044,0.0015,0.0,falling,-4.134,3.6e-05,0.000301
proceso,19,0.0017,0.0021,0.0029,0.006,0.0218,rising,4.131,3.6e-05,0.000302
accion,43,0.0093,0.0021,0.0074,0.009,0.0437,rising,4.114,3.9e-05,0.000321
arbitrariedad,15,0.0025,0.0,0.0,0.0015,0.024,rising,4.026,5.7e-05,0.000462
defensa,22,0.0017,0.0062,0.0044,0.003,0.0262,rising,4.003,6.2e-05,0.000504
verbo,24,0.0152,0.0041,0.0044,0.0015,0.0,falling,-3.995,6.5e-05,0.000509
fijo,17,0.0126,0.0021,0.0,0.0015,0.0,falling,-3.997,6.4e-05,0.000509
tiempo,104,0.0404,0.0394,0.0294,0.0225,0.0044,falling,-3.986,6.7e-05,0.000524
analisis,28,0.0051,0.0041,0.0029,0.003,0.0349,rising,3.971,7.1e-05,0.00055
gobierno,14,0.0008,0.0,0.0059,0.0,0.0197,rising,3.914,9.1e-05,0.000692
circunstancia,17,0.0017,0.0021,0.0015,0.006,0.0197,rising,3.906,9.4e-05,0.000706
democratico,10,0.0,0.0,0.0044,0.0,0.0153,rising,3.869,0.000109,0.000815
decision,18,0.0,0.0062,0.0059,0.003,0.0197,rising,3.857,0.000115,0.000848
catolico,15,0.0118,0.0,0.0,0.0015,0.0,falling,-3.848,0.000119,0.000869
lagrima,11,0.0093,0.0,0.0,0.0,0.0,falling,-3.753,0.000175,0.001251
negocio,11,0.0093,0.0,0.0,0.0,0.0,falling,-3.753,0.000175,0.001251
media,25,0.0143,0.0062,0.0059,0.0015,0.0,falling,-3.726,0.000195,0.00138
violacion,12,0.0008,0.0,0.0044,0.0,0.0175,rising,3.68,0.000234,0.001638
normal,17,0.0118,0.0041,0.0,0.0,0.0022,falling,-3.661,0.000252,0.00173
hijo,35,0.021,0.0021,0.0029,0.0105,0.0,falling,-3.663,0.00025,0.00173
legal,19,0.0008,0.0124,0.0,0.0,0.0262,rising,3.654,0.000259,0.001751
disciplina,10,0.0,0.0021,0.0,0.006,0.0109,rising,3.65,0.000262,0.001751
exceso,10,0.0008,0.0021,0.0,0.0,0.0175,rising,3.65,0.000262,0.001751
conciencia,67,0.0067,0.0228,0.0279,0.0195,0.0349,rising,3.631,0.000282,0.001868
crimen,35,0.0084,0.0021,0.0044,0.0045,0.0393,rising,3.622,0.000292,0.001914
inferior,13,0.0025,0.0,0.0,0.0,0.0218,rising,3.606,0.000311,0.002017
politica,40,0.0051,0.0021,0.0235,0.0045,0.0306,rising,3.592,0.000328,0.002108
sistema,49,0.0093,0.0062,0.0118,0.0165,0.0349,rising,3.578,0.000346,0.002189
beato,10,0.0084,0.0,0.0,0.0,0.0,falling,-3.578,0.000347,0.002189
fantastico,30,0.0177,0.0,0.0088,0.0045,0.0,falling,-3.551,0.000383,0.002397
concreto,14,0.0008,0.0021,0.0029,0.0045,0.0153,rising,3.543,0.000395,0.002451
personal,25,0.0025,0.0062,0.0074,0.0045,0.024,rising,3.493,0.000477,0.002935
fenomeno,15,0.0008,0.0,0.0015,0.015,0.0066,rising,3.489,0.000484,0.002952
apelacion,10,0.0017,0.0,0.0,0.0,0.0175,rising,3.431,0.000601,0.003634
misterio,22,0.0135,0.0041,0.0015,0.0045,0.0,falling,-3.393,0.000692,0.004145
comun,35,0.0067,0.0062,0.0088,0.0015,0.0371,rising,3.387,0.000706,0.004195
fundamental,14,0.0008,0.0021,0.0029,0.006,0.0131,rising,3.358,0.000785,0.004546
maravilloso,10,0.0076,0.0021,0.0,0.0,0.0,falling,-3.359,0.000783,0.004546
nobleza,10,0.0076,0.0021,0.0,0.0,0.0,falling,-3.359,0.000783,0.004546
barbarie,11,0.0,0.0,0.0044,0.006,0.0087,rising,3.348,0.000813,0.004671
ensayo,29,0.0025,0.0062,0.0015,0.0299,0.0044,rising,3.305,0.000949,0.005407
critica,49,0.0067,0.0083,0.0103,0.0374,0.0109,rising,3.28,0.00104,0.005831
erotismo,12,0.0,0.0,0.0,0.018,0.0,rising,3.28,0.00104,0.005831
internacional,16,0.0017,0.0021,0.0059,0.0,0.0197,rising,3.269,0.001079,0.006
actividad,17,0.0025,0.0,0.0059,0.0015,0.0197,rising,3.234,0.001222,0.006746
juicio,26,0.0059,0.0021,0.0029,0.0045,0.0284,rising,3.203,0.001358,0.007437
lengua,83,0.032,0.0207,0.0324,0.018,0.0022,falling,-3.195,0.001399,0.007603
recordar,30,0.0126,0.0166,0.0074,0.003,0.0,falling,-3.171,0.001519,0.008191
maniqui,11,0.0,0.0,0.0,0.0165,0.0,rising,3.139,0.001692,0.008988
frontera,10,0.0076,0.0,0.0015,0.0,0.0,falling,-3.14,0.001692,0.008988
repeticion,15,0.0084,0.0062,0.0029,0.0,0.0,falling,-3.132,0.001735,0.009145
miserio,13,0.0084,0.0041,0.0,0.0015,0.0,falling,-3.12,0.001808,0.00932
noble,13,0.0093,0.0,0.0015,0.0015,0.0,falling,-3.12,0.001808,0.00932
raza,23,0.0135,0.0,0.0074,0.003,0.0,falling,-3.121,0.001802,0.00932
argumentacion,16,0.0025,0.0021,0.0029,0.0015,0.0197,rising,3.096,0.001962,0.01004
religion,18,0.0101,0.0041,0.0044,0.0015,0.0,falling,-3.008,0.002632,0.013371
relacion,52,0.0076,0.0083,0.0221,0.021,0.0218,rising,3.001,0.002688,0.013544
caso,10,0.0017,0.0,0.0,0.003,0.0131,rising,2.993,0.002763,0.013544
dictadura,10,0.0,0.0,0.0059,0.003,0.0087,rising,2.993,0.002763,0.013544
homosexualidad,10,0.0,0.0,0.0,0.015,0.0,rising,2.993,0.002763,0.013544
positivo,10,0.0017,0.0,0.0,0.003,0.0131,rising,2.993,0.002763,0.013544
division,14,0.0008,0.0062,0.0015,0.003,0.0153,rising,2.988,0.002811,0.013588
caballo,17,0.0076,0.0124,0.0029,0.0,0.0,falling,-2.988,0.002809,0.013588
sobrenatural,15,0.0101,0.0021,0.0,0.0015,0.0022,falling,-2.953,0.003145,0.015098
policial,11,0.0008,0.0021,0.0015,0.0045,0.0109,rising,2.931,0.003383,0.016131
traductor,13,0.0076,0.0041,0.0029,0.0,0.0,falling,-2.928,0.003413,0.016164
procedimiento,35,0.0025,0.0062,0.0191,0.0165,0.0109,rising,2.917,0.003532,0.016617
dignidad,12,0.0025,0.0,0.0,0.003,0.0153,rising,2.88,0.003982,0.018487
instrumento,12,0.0017,0.0,0.0029,0.003,0.0131,rising,2.88,0.003982,0.018487
ritual,19,0.0008,0.0021,0.0044,0.021,0.0,rising,2.858,0.004262,0.019658
contenido,13,0.0008,0.0083,0.0,0.0,0.0175,rising,2.837,0.004548,0.020567
percepcion,13,0.0008,0.0,0.0015,0.015,0.0022,rising,2.837,0.004548,0.020567
espacio,64,0.0261,0.0207,0.0103,0.024,0.0,falling,-2.84,0.004516,0.020567
sangre,44,0.0185,0.0187,0.0059,0.012,0.0022,falling,-2.82,0.004805,0.021591
muneca,14,0.0,0.0,0.0059,0.015,0.0,rising,2.803,0.005071,0.022452
resistencia,14,0.0034,0.0,0.0015,0.0,0.0197,rising,2.803,0.005071,0.022452
carta,22,0.0109,0.0062,0.0059,0.003,0.0,falling,-2.801,0.005092,0.022452
nombre,37,0.0126,0.029,0.0029,0.009,0.0,falling,-2.794,0.005212,0.022836
paterno,15,0.0008,0.0021,0.0,0.0195,0.0,rising,2.773,0.005546,0.024149
capital,13,0.0084,0.0,0.0029,0.0015,0.0,falling,-2.736,0.006225,0.026935
medida,11,0.0,0.0021,0.0044,0.006,0.0066,rising,2.722,0.006493,0.027925
reloj,18,0.0008,0.0021,0.0044,0.0195,0.0,rising,2.713,0.006676,0.028534
imaginario,26,0.0034,0.0,0.0074,0.024,0.0022,rising,2.659,0.007841,0.033313
interpretacion,46,0.0126,0.0041,0.0074,0.0105,0.0371,rising,2.655,0.007941,0.033502
esperanza,26,0.0143,0.0021,0.0044,0.006,0.0022,falling,-2.651,0.008029,0.033502
infinito,17,0.0101,0.0,0.0044,0.003,0.0,falling,-2.652,0.008011,0.033502
democracia,13,0.0008,0.0021,0.0074,0.0,0.0131,rising,2.645,0.008163,0.033859
masculino,14,0.0008,0.0021,0.0,0.018,0.0,rising,2.617,0.008863,0.036548
tierra,32,0.0135,0.0083,0.0132,0.0045,0.0,falling,-2.613,0.008982,0.036823
cadena,15,0.0025,0.0,0.0015,0.0105,0.0087,rising,2.594,0.009473,0.038608
voracidad,14,0.0093,0.0,0.0,0.0045,0.0,falling,-2.569,0.010208,0.041364
conducta,17,0.0051,0.0,0.0,0.0015,0.0218,rising,2.561,0.010435,0.04204
facultad,10,0.0025,0.0,0.0,0.0,0.0153,rising,2.555,0.010622,0.042547
simbolo,27,0.0093,0.0187,0.0074,0.003,0.0,falling,-2.553,0.010689,0.042575
santo,13,0.0076,0.0,0.0059,0.0,0.0,falling,-2.544,0.010974,0.043461
plenitud,21,0.0034,0.0,0.0015,0.0225,0.0022,rising,2.528,0.011486,0.045235
temor,11,0.0059,0.0062,0.0,0.0015,0.0,falling,-2.5,0.01243,0.048679
alegria,10,0.0051,0.0062,0.0015,0.0,0.0,falling,-2.483,0.013044,0.050517
oprobio,10,0.0067,0.0021,0.0,0.0,0.0022,falling,-2.483,0.013044,0.050517
tormento,12,0.0025,0.0,0.0029,0.0,0.0153,rising,2.48,0.013154,0.050664
nacional,38,0.0025,0.0062,0.0324,0.0045,0.0153,rising,2.474,0.013373,0.051225
medio,13,0.0017,0.0021,0.0029,0.0045,0.0109,rising,2.453,0.014164,0.053669
obligacion,13,0.0034,0.0,0.0015,0.0,0.0175,rising,2.453,0.014164,0.053669
abismo,16,0.0093,0.0021,0.0029,0.0015,0.0022,falling,-2.45,0.014295,0.053877
justicia,35,0.0101,0.0,0.0103,0.0,0.0349,rising,2.447,0.014397,0.053969
declaracion,14,0.0034,0.0021,0.0,0.0015,0.0175,rising,2.432,0.015013,0.05566
interno,14,0.0025,0.0,0.0044,0.003,0.0131,rising,2.432,0.015013,0.05566
frances,20,0.0093,0.0062,0.0059,0.003,0.0,falling,-2.43,0.015086,0.05566
agente,15,0.0042,0.0,0.0015,0.0,0.0197,rising,2.416,0.015712,0.057666
condicion,30,0.0059,0.0021,0.0118,0.0075,0.0197,rising,2.409,0.015998,0.058409
narrativo,28,0.0042,0.0021,0.0044,0.0284,0.0,rising,2.397,0.016548,0.060105
pintura,14,0.0051,0.0145,0.0,0.0015,0.0,falling,-2.383,0.01715,0.061969
montaje,12,0.0067,0.0021,0.0029,0.0015,0.0,falling,-2.32,0.020324,0.073061
imposible,17,0.0093,0.0041,0.0015,0.003,0.0022,falling,-2.315,0.020595,0.07366
pensamiento,54,0.0168,0.0311,0.0132,0.0135,0.0022,falling,-2.296,0.021659,0.077071
fuego,11,0.0076,0.0,0.0,0.0015,0.0022,falling,-2.291,0.021973,0.077793
comunidad,12,0.0008,0.0021,0.0059,0.003,0.0087,rising,2.28,0.022632,0.079327
subversion,12,0.0025,0.0021,0.0015,0.0,0.0153,rising,2.28,0.022632,0.079327
linea,20,0.0101,0.0041,0.0044,0.003,0.0022,falling,-2.275,0.022894,0.079843
abandono,10,0.0059,0.0021,0.0015,0.0015,0.0,falling,-2.264,0.023602,0.081501
milagro,10,0.0059,0.0041,0.0,0.0,0.0022,falling,-2.264,0.023602,0.081501
piel,26,0.0034,0.0021,0.0074,0.024,0.0,rising,2.25,0.024424,0.083926
prueba,24,0.0042,0.0124,0.0015,0.0015,0.024,rising,2.238,0.025236,0.085958
amistad,15,0.0042,0.0166,0.0029,0.0,0.0,falling,-2.237,0.02526,0.085958
interes,23,0.0042,0.0021,0.0118,0.0,0.0197,rising,2.233,0.02558,0.086624
dominio,21,0.0051,0.0,0.0,0.0165,0.0087,rising,2.225,0.026095,0.087947
cuerpo,122,0.0236,0.029,0.0382,0.0719,0.0131,rising,2.213,0.026908,0.090252
angustiar,28,0.0101,0.0166,0.0059,0.0045,0.0022,falling,-2.197,0.028056,0.093654
desesperacion,13,0.0076,0.0,0.0044,0.0,0.0022,falling,-2.159,0.030836,0.102447
sol,30,0.0101,0.0166,0.0088,0.006,0.0,falling,-2.156,0.031045,0.102653
iron,27,0.0118,0.0021,0.0132,0.0045,0.0,falling,-2.152,0.03141,0.103373
estetica,29,0.0042,0.0041,0.0103,0.018,0.0066,rising,2.145,0.031986,0.104776
partido,10,0.0017,0.0021,0.0015,0.0015,0.0109,rising,2.117,0.034271,0.111364
estilo,51,0.0084,0.0062,0.0235,0.0269,0.0087,rising,2.116,0.034315,0.111364
razon,26,0.0051,0.0041,0.0074,0.009,0.0153,rising,2.114,0.034494,0.111428
universal,16,0.0084,0.0021,0.0044,0.0015,0.0022,falling,-2.103,0.035453,0.114001
metodo,24,0.0034,0.0021,0.0088,0.0165,0.0044,rising,2.096,0.036073,0.115466
investigacion,11,0.0059,0.0021,0.0029,0.0015,0.0,falling,-2.082,0.037345,0.118455
montana,11,0.0051,0.0062,0.0015,0.0015,0.0,falling,-2.082,0.037345,0.118455
prohibicion,13,0.0017,0.0041,0.0015,0.006,0.0087,rising,2.069,0.038572,0.121624
enemigo,20,0.0051,0.0,0.0074,0.0,0.0197,rising,2.067,0.038691,0.121624
honor,14,0.0042,0.0,0.0,0.003,0.0153,rising,2.062,0.039241,0.122668
lectura,80,0.0109,0.027,0.0265,0.0539,0.0,rising,2.059,0.039486,0.122668
libre,15,0.0076,0.0062,0.0015,0.0,0.0044,falling,-2.058,0.039548,0.122668
comienzo,16,0.0,0.0,0.0162,0.006,0.0022,rising,2.056,0.039774,0.122827
poesia,102,0.0059,0.0145,0.1103,0.0195,0.0,rising,2.042,0.04111,0.126397
tradicion,52,0.0152,0.0021,0.0132,0.0135,0.0328,rising,2.035,0.041851,0.128113
casa,14,0.0059,0.0083,0.0015,0.003,0.0,falling,-2.013,0.044109,0.133855
progreso,14,0.0067,0.0021,0.0059,0.0015,0.0,falling,-2.013,0.044109,0.133855
mano,17,0.0084,0.0,0.0074,0.003,0.0,falling,-1.979,0.047814,0.144472
olvido,36,0.0185,0.0041,0.0029,0.006,0.0131,falling,-1.947,0.051505,0.154956
palabra,124,0.0404,0.0394,0.0309,0.0494,0.0066,falling,-1.932,0.053318,0.159727
creencia,19,0.0093,0.0021,0.0059,0.003,0.0022,falling,-1.915,0.055495,0.165539
desnudez,10,0.0008,0.0021,0.0,0.012,0.0,rising,1.898,0.057716,0.170713
suspension,10,0.0008,0.0041,0.0015,0.0045,0.0066,rising,1.898,0.057716,0.170713
nino,11,0.0,0.0041,0.0029,0.0105,0.0,rising,1.886,0.05925,0.171814
objetivo,11,0.0008,0.0083,0.0,0.0015,0.0109,rising,1.886,0.05925,0.171814
regla,11,0.0025,0.0,0.0015,0.0045,0.0087,rising,1.886,0.05925,0.171814
teorico,11,0.0017,0.0,0.0029,0.0075,0.0044,rising,1.886,0.05925,0.171814
sentido,87,0.0337,0.0145,0.0206,0.0329,0.0087,falling,-1.886,0.059314,0.171814
elemento,16,0.0025,0.0062,0.0029,0.003,0.0131,rising,1.883,0.05973,0.171929
categoria,15,0.0025,0.0,0.0074,0.0045,0.0087,rising,1.879,0.060291,0.171929
necesidad,15,0.0034,0.0021,0.0029,0.003,0.0131,rising,1.879,0.060291,0.171929
intencion,13,0.0008,0.0062,0.0029,0.006,0.0066,rising,1.877,0.06058,0.171929
sustitucion,13,0.0,0.0021,0.0103,0.006,0.0022,rising,1.877,0.06058,0.171929
tiniebla,11,0.0059,0.0,0.0044,0.0015,0.0,falling,-1.873,0.061052,0.172571
funcion,42,0.0126,0.0083,0.0044,0.006,0.0349,rising,1.868,0.06183,0.174067
expresion,18,0.0059,0.0124,0.0044,0.003,0.0,falling,-1.864,0.062373,0.174893
etico,46,0.0118,0.0083,0.0132,0.0075,0.0306,rising,1.833,0.06675,0.186421
trabajo,31,0.0126,0.0041,0.0118,0.009,0.0,falling,-1.826,0.067782,0.188551
plano,20,0.0093,0.0062,0.0029,0.003,0.0044,falling,-1.81,0.070308,0.194806
valor,31,0.0059,0.0083,0.0118,0.0045,0.0197,rising,1.792,0.073134,0.201837
liberacion,13,0.0051,0.0083,0.0029,0.0,0.0022,falling,-1.775,0.075927,0.208726
extranjero,63,0.0076,0.0,0.0662,0.0045,0.0131,rising,1.767,0.077288,0.211253
carne,22,0.0093,0.0041,0.0074,0.006,0.0,falling,-1.766,0.077449,0.211253
fuerza,46,0.0143,0.0062,0.0088,0.0045,0.0371,rising,1.731,0.083505,0.226888
risa,24,0.0118,0.0,0.0044,0.0105,0.0,falling,-1.729,0.083841,0.226921
moral,39,0.0093,0.0062,0.0132,0.009,0.0218,rising,1.703,0.088506,0.236569
artista,18,0.0051,0.0166,0.0015,0.0045,0.0,falling,-1.7,0.089093,0.236569
jardin,18,0.0042,0.0207,0.0,0.0045,0.0,falling,-1.7,0.089093,0.236569
imagen,47,0.0143,0.0228,0.0118,0.0165,0.0,falling,-1.704,0.088431,0.236569
humano,64,0.0244,0.0083,0.0279,0.0075,0.0153,falling,-1.705,0.088139,0.236569
doctrina,14,0.0042,0.0,0.0015,0.003,0.0131,rising,1.691,0.090795,0.239275
psicologico,14,0.0025,0.0021,0.0059,0.0015,0.0109,rising,1.691,0.090795,0.239275
posibilidad,13,0.0017,0.0041,0.0029,0.006,0.0066,rising,1.684,0.09211,0.241726
civilizacion,12,0.0008,0.0,0.0088,0.006,0.0022,rising,1.68,0.093036,0.241726
contexto,10,0.0017,0.0041,0.0015,0.0,0.0109,rising,1.679,0.093186,0.241726
imposibilidad,10,0.0008,0.0041,0.0029,0.003,0.0066,rising,1.679,0.093186,0.241726
alto,11,0.0017,0.0041,0.0,0.006,0.0066,rising,1.677,0.093449,0.241726
publico,31,0.0093,0.0062,0.0044,0.0015,0.0284,rising,1.667,0.09547,0.244867
teoria,37,0.0101,0.0104,0.0029,0.009,0.0262,rising,1.664,0.09602,0.244867
pobreza,11,0.0051,0.0021,0.0044,0.0015,0.0,falling,-1.664,0.096061,0.244867
virtud,11,0.0059,0.0021,0.0015,0.0015,0.0022,falling,-1.664,0.096061,0.244867
erotico,23,0.0051,0.0021,0.0,0.024,0.0,rising,1.654,0.098173,0.247551
femenino,23,0.0051,0.0021,0.0,0.024,0.0,rising,1.654,0.098173,0.247551
distancia,20,0.0059,0.0145,0.0044,0.0045,0.0,falling,-1.655,0.09796,0.247551
blanco,30,0.0118,0.0083,0.0059,0.012,0.0,falling,-1.649,0.099102,0.248999
perdon,14,0.0084,0.0,0.0,0.003,0.0044,falling,-1.643,0.100461,0.250615
pros,17,0.0042,0.0145,0.0059,0.0015,0.0,falling,-1.643,0.100441,0.250615
absoluto,21,0.0076,0.0,0.0,0.0045,0.0197,rising,1.619,0.105389,0.261052
mental,21,0.0017,0.0083,0.0074,0.0135,0.0022,rising,1.619,0.105389,0.261052
voz,66,0.0219,0.0187,0.0206,0.024,0.0022,falling,-1.617,0.105932,0.261474
ficcion,55,0.0126,0.0041,0.0235,0.0225,0.0153,rising,1.613,0.10676,0.261675
pasion,34,0.0118,0.0083,0.0147,0.009,0.0,falling,-1.614,0.106589,0.261675
aleman,10,0.0059,0.0,0.0015,0.0015,0.0022,falling,-1.606,0.108166,0.262368
metamorfosis,10,0.0051,0.0021,0.0015,0.003,0.0,falling,-1.606,0.108166,0.262368
pagina,10,0.0042,0.0041,0.0029,0.0015,0.0,falling,-1.606,0.108166,0.262368
sujeto,34,0.0084,0.0083,0.0015,0.0195,0.0131,rising,1.605,0.108598,0.262507
desear,36,0.0143,0.0124,0.0,0.0195,0.0,falling,-1.6,0.109678,0.264207
ausencia,29,0.0101,0.0104,0.0088,0.009,0.0,falling,-1.595,0.110606,0.265531
religioso,24,0.0109,0.0041,0.0044,0.006,0.0044,falling,-1.587,0.112477,0.2691
lector,40,0.0109,0.0207,0.0147,0.0105,0.0,falling,-1.577,0.114758,0.273623
destino,42,0.0143,0.0104,0.0162,0.0135,0.0,falling,-1.568,0.116819,0.277593
apartamiento,32,0.0,0.0,0.0456,0.0015,0.0,rising,1.563,0.11796,0.279358
nacion,21,0.0109,0.0,0.0059,0.0,0.0087,falling,-1.56,0.118832,0.279534
realismo,21,0.0084,0.0083,0.0044,0.003,0.0044,falling,-1.56,0.118832,0.279534
cientifico,16,0.0042,0.0,0.0029,0.0075,0.0087,rising,1.536,0.124494,0.287073
exterior,16,0.0034,0.0021,0.0,0.015,0.0022,rising,1.536,0.124494,0.287073
familiar,16,0.0017,0.0062,0.0015,0.015,0.0,rising,1.536,0.124494,0.287073
produccion,16,0.0051,0.0,0.0,0.0075,0.0109,rising,1.536,0.124494,0.287073
generacion,18,0.0067,0.0021,0.0118,0.0015,0.0,falling,-1.537,0.124351,0.287073
forma,28,0.0101,0.0124,0.0044,0.009,0.0022,falling,-1.54,0.123476,0.287073
dialogo,24,0.0025,0.0041,0.0147,0.012,0.0022,rising,1.529,0.126153,0.288084
espanol,23,0.0059,0.0166,0.0088,0.0015,0.0022,falling,-1.529,0.126165,0.288084
dolor,66,0.0185,0.0124,0.0441,0.012,0.0,falling,-1.531,0.125819,0.288084
vision,55,0.0076,0.0166,0.0235,0.0329,0.0,rising,1.519,0.128782,0.290276
empresa,12,0.0051,0.0041,0.0044,0.0,0.0022,falling,-1.52,0.128427,0.290276
odio,12,0.0059,0.0,0.0059,0.0,0.0022,falling,-1.52,0.128427,0.290276
revista,12,0.0042,0.0083,0.0029,0.0,0.0022,falling,-1.52,0.128427,0.290276
limite,23,0.0059,0.0021,0.0059,0.0075,0.0131,rising,1.509,0.131277,0.294835
crisis,14,0.0042,0.0,0.0015,0.0045,0.0109,rising,1.506,0.132066,0.294835
intimidad,14,0.0017,0.0041,0.0044,0.0075,0.0044,rising,1.506,0.132066,0.294835
contemporaneo,13,0.0034,0.0,0.0015,0.0075,0.0066,rising,1.492,0.135648,0.299966
localizacion,13,0.0,0.0,0.0162,0.0015,0.0022,rising,1.492,0.135648,0.299966
marca,13,0.0008,0.0083,0.0015,0.0075,0.0044,rising,1.492,0.135648,0.299966
mentira,12,0.0017,0.0021,0.0029,0.009,0.0022,rising,1.48,0.13898,0.305407
significacion,12,0.0008,0.0021,0.0074,0.006,0.0022,rising,1.48,0.13898,0.305407
antiguo,17,0.0076,0.0021,0.0059,0.003,0.0022,falling,-1.475,0.140329,0.306451
moderno,17,0.0067,0.0041,0.0059,0.0045,0.0,falling,-1.475,0.140329,0.306451
doble,11,0.0008,0.0041,0.0029,0.0075,0.0022,rising,1.469,0.141936,0.308267
derrota,10,0.0008,0.0041,0.0044,0.0015,0.0066,rising,1.46,0.144344,0.308267
excepcion,10,0.0025,0.0,0.0015,0.0045,0.0066,rising,1.46,0.144344,0.308267
pasaje,10,0.0008,0.0021,0.0044,0.006,0.0022,rising,1.46,0.144344,0.308267
patrio,10,0.0008,0.0,0.0088,0.0015,0.0044,rising,1.46,0.144344,0.308267
fidelidad,11,0.0051,0.0021,0.0029,0.003,0.0,falling,-1.455,0.145558,0.308267
mistico,11,0.0051,0.0021,0.0029,0.003,0.0,falling,-1.455,0.145558,0.308267
siglo,11,0.0042,0.0062,0.0029,0.0,0.0022,falling,-1.455,0.145558,0.308267
ventana,11,0.0025,0.0124,0.0015,0.0015,0.0,falling,-1.455,0.145558,0.308267
unico,14,0.0067,0.0,0.0044,0.0045,0.0,falling,-1.457,0.145003,0.308267
cielo,31,0.0109,0.0021,0.0206,0.003,0.0022,falling,-1.452,0.146464,0.309252
belleza,24,0.0084,0.0104,0.0044,0.009,0.0,falling,-1.445,0.148319,0.312228
noche,72,0.0051,0.0249,0.0574,0.0225,0.0,rising,1.432,0.152078,0.319182
naturaleza,37,0.0135,0.0124,0.0103,0.006,0.0087,falling,-1.422,0.155055,0.324459
estructura,25,0.0034,0.0104,0.0059,0.015,0.0044,rising,1.411,0.158297,0.329816
sufrimiento,16,0.0076,0.0,0.0059,0.003,0.0022,falling,-1.41,0.158556,0.329816
oscuro,18,0.0017,0.0,0.0147,0.009,0.0,rising,1.405,0.159988,0.33181
sociedad,58,0.0202,0.0041,0.0118,0.006,0.0437,rising,1.397,0.162322,0.335657
extrano,17,0.0,0.0021,0.0206,0.0015,0.0022,rising,1.384,0.166356,0.339987
particular,17,0.0017,0.0083,0.0074,0.003,0.0087,rising,1.384,0.166356,0.339987
universo,23,0.0067,0.0145,0.0044,0.0075,0.0,falling,-1.385,0.166141,0.339987
revelacion,10,0.0042,0.0021,0.0044,0.0015,0.0,falling,-1.387,0.165298,0.339987
placer,18,0.0067,0.0083,0.0015,0.0075,0.0,falling,-1.373,0.169651,0.345713
desierto,28,0.0067,0.0,0.0059,0.024,0.0,rising,1.347,0.178062,0.360586
esencia,47,0.0042,0.0062,0.0456,0.0105,0.0022,rising,1.343,0.179148,0.360586
psicoanalisis,15,0.0034,0.0,0.0044,0.009,0.0044,rising,1.342,0.179667,0.360586
material,22,0.0034,0.0041,0.0103,0.0105,0.0044,rising,1.341,0.180036,0.360586
persona,22,0.0034,0.0104,0.0059,0.006,0.0109,rising,1.341,0.180036,0.360586
economico,20,0.0084,0.0,0.0118,0.0,0.0044,falling,-1.345,0.178743,0.360586
comprension,14,0.0017,0.0021,0.0074,0.0075,0.0022,rising,1.321,0.186571,0.368709
contemplacion,14,0.0017,0.0021,0.0074,0.0075,0.0022,rising,1.321,0.186571,0.368709
deseo,12,0.0059,0.0021,0.0,0.006,0.0,falling,-1.32,0.186721,0.368709
maldicion,12,0.0059,0.0,0.0029,0.0045,0.0,falling,-1.32,0.186721,0.368709
ritmo,12,0.0042,0.0062,0.0029,0.003,0.0,falling,-1.32,0.186721,0.368709
detalle,13,0.0017,0.0041,0.0015,0.012,0.0,rising,1.3,0.193595,0.38014
puro,13,0.0017,0.0041,0.0029,0.009,0.0022,rising,1.3,0.193595,0.38014
azul,45,0.0025,0.0,0.0588,0.003,0.0,rising,1.296,0.194823,0.381482
negro,20,0.0025,0.0062,0.0074,0.012,0.0022,rising,1.292,0.196363,0.382362
referencia,20,0.0017,0.0062,0.0103,0.012,0.0,rising,1.292,0.196363,0.382362
presente,26,0.0101,0.0083,0.0044,0.0075,0.0044,falling,-1.289,0.197263,0.38305
practico,25,0.0084,0.0,0.0029,0.009,0.0153,rising,1.272,0.203373,0.39166
epoca,14,0.0034,0.0104,0.0059,0.0015,0.0,falling,-1.272,0.203303,0.39166
version,14,0.0025,0.0145,0.0044,0.0015,0.0,falling,-1.272,0.203303,0.39166
amenaza,11,0.0025,0.0021,0.0029,0.0015,0.0087,rising,1.26,0.207756,0.394481
costumbre,11,0.0017,0.0021,0.0044,0.0045,0.0044,rising,1.26,0.207756,0.394481
discontinuidad,11,0.0025,0.0,0.0,0.012,0.0,rising,1.26,0.207756,0.394481
poetizar,11,0.0,0.0,0.0132,0.003,0.0,rising,1.26,0.207756,0.394481
retorico,39,0.0076,0.0124,0.0132,0.0135,0.0131,rising,1.258,0.208448,0.394481
enigma,21,0.0084,0.0041,0.0059,0.006,0.0022,falling,-1.257,0.208777,0.394481
origen,21,0.0076,0.0062,0.0059,0.0075,0.0,falling,-1.257,0.208777,0.394481
aurora,34,0.0008,0.0,0.0485,0.0,0.0,rising,1.247,0.212418,0.39919
actor,10,0.0017,0.0021,0.0,0.0105,0.0,rising,1.241,0.214686,0.39919
comentario,10,0.0017,0.0021,0.0015,0.0075,0.0022,rising,1.241,0.214686,0.39919
creador,10,0.0008,0.0041,0.0015,0.009,0.0,rising,1.241,0.214686,0.39919
mancha,10,0.0008,0.0021,0.0044,0.0075,0.0,rising,1.241,0.214686,0.39919
escribir,11,0.0051,0.0021,0.0015,0.0045,0.0,falling,-1.247,0.212565,0.39919
diario,16,0.0076,0.0021,0.0015,0.006,0.0022,falling,-1.237,0.21622,0.400979
locura,25,0.0067,0.0145,0.0088,0.0045,0.0022,falling,-1.227,0.219901,0.406729
acontecimiento,23,0.0042,0.0041,0.0103,0.009,0.0066,rising,1.22,0.222576,0.410594
intelectual,54,0.0126,0.0124,0.0206,0.0135,0.0218,rising,1.213,0.22499,0.413957
personaje,49,0.016,0.0124,0.0147,0.021,0.0,falling,-1.198,0.230868,0.422555
recuerdo,13,0.0034,0.0104,0.0029,0.003,0.0,falling,-1.198,0.230804,0.422555
literatura,181,0.0505,0.0498,0.0706,0.0644,0.0131,falling,-1.197,0.2315,0.422607
logica,20,0.0076,0.0041,0.0074,0.0045,0.0022,falling,-1.19,0.234227,0.426476
lucidez,10,0.0017,0.0124,0.0015,0.0015,0.0,falling,-1.168,0.242626,0.438352
numero,10,0.0034,0.0062,0.0015,0.003,0.0,falling,-1.168,0.242626,0.438352
protagonista,10,0.0042,0.0041,0.0,0.0045,0.0,falling,-1.168,0.242626,0.438352
sendero,21,0.0,0.0,0.0309,0.0,0.0,rising,1.165,0.243965,0.439594
espectador,15,0.0059,0.0041,0.0029,0.006,0.0,falling,-1.164,0.244567,0.439594
alma,82,0.0219,0.0062,0.0647,0.012,0.0022,falling,-1.155,0.248005,0.444634
pueblo,40,0.0177,0.0041,0.0088,0.0045,0.0175,falling,-1.137,0.255449,0.456811
complicidad,14,0.0034,0.0,0.0044,0.0075,0.0044,rising,1.136,0.256133,0.456868
silencio,58,0.0109,0.0207,0.0162,0.0314,0.0066,rising,1.123,0.261622,0.462763
violencia,38,0.0067,0.0187,0.0044,0.0225,0.0066,rising,1.12,0.262738,0.462763
humanismo,12,0.0042,0.0041,0.0059,0.0,0.0022,falling,-1.12,0.262567,0.462763
retorica,12,0.0034,0.0062,0.0059,0.0015,0.0,falling,-1.12,0.262567,0.462763
suicidio,12,0.0042,0.0041,0.0044,0.003,0.0,falling,-1.12,0.262567,0.462763
social,69,0.0202,0.0021,0.0279,0.0195,0.0262,rising,1.118,0.263728,0.463341
identidad,42,0.0084,0.0104,0.0118,0.0269,0.0022,rising,1.116,0.264449,0.463447
europeo,13,0.0008,0.0,0.0147,0.0015,0.0022,rising,1.108,0.267931,0.467213
tragedia,13,0.0008,0.0021,0.0103,0.006,0.0,rising,1.108,0.267931,0.467213
clase,24,0.0025,0.0083,0.0132,0.0105,0.0022,rising,1.104,0.269395,0.4686
oro,23,0.0084,0.0041,0.0074,0.009,0.0,falling,-1.095,0.273372,0.474341
ocaso,28,0.0008,0.0021,0.0368,0.0015,0.0,rising,1.084,0.27824,0.481486
ciudad,27,0.0101,0.0062,0.0059,0.0105,0.0022,falling,-1.083,0.278863,0.481486
decadencia,12,0.0025,0.0,0.0029,0.0105,0.0,rising,1.08,0.280316,0.481627
simbolico,29,0.0109,0.0104,0.0029,0.009,0.0066,falling,-1.08,0.280319,0.481627
vida,82,0.0261,0.0166,0.0324,0.024,0.0109,falling,-1.078,0.281072,0.481739
musica,23,0.0034,0.0062,0.0088,0.015,0.0,rising,1.075,0.282367,0.482532
exilio,56,0.0051,0.0041,0.0662,0.0015,0.0044,rising,1.074,0.282911,0.482532
popular,16,0.0059,0.0021,0.0088,0.0015,0.0022,falling,-1.063,0.287627,0.4882
romantico,16,0.0059,0.0,0.0103,0.003,0.0,falling,-1.063,0.287627,0.4882
interior,27,0.0042,0.0083,0.0132,0.009,0.0066,rising,1.055,0.291405,0.493417
enunciar,11,0.0025,0.0041,0.0015,0.0015,0.0087,rising,1.051,0.293303,0.494244
cultural,50,0.021,0.0021,0.0132,0.012,0.0153,falling,-1.052,0.29297,0.494244
atardecer,17,0.0,0.0,0.025,0.0,0.0,rising,1.048,0.294774,0.495532
fantasma,11,0.0051,0.0,0.0044,0.0015,0.0022,falling,-1.038,0.299417,0.502133
fisico,20,0.0076,0.0083,0.0015,0.006,0.0044,falling,-1.034,0.300929,0.503463
analogia,10,0.0008,0.0021,0.0074,0.003,0.0022,rising,1.022,0.306893,0.508375
menor,10,0.0025,0.0,0.0029,0.0045,0.0044,rising,1.022,0.306893,0.508375
organo,10,0.0034,0.0,0.0015,0.0015,0.0087,rising,1.022,0.306893,0.508375
totalidad,10,0.0017,0.0021,0.0029,0.006,0.0022,rising,1.022,0.306893,0.508375
familia,24,0.0084,0.0041,0.0103,0.006,0.0022,falling,-1.021,0.30749,0.508375
piedad,13,0.0051,0.0021,0.0044,0.0045,0.0,falling,-1.006,0.314362,0.516083
retrato,13,0.0017,0.0145,0.0044,0.0015,0.0,falling,-1.006,0.314362,0.516083
tecnica,13,0.0059,0.0021,0.0029,0.0015,0.0044,falling,-1.006,0.314362,0.516083
escritura,135,0.0387,0.0498,0.0235,0.0719,0.0022,falling,-1.003,0.315835,0.517291
sensacion,15,0.0017,0.0041,0.0074,0.009,0.0,rising,0.984,0.325183,0.531359
espejo,33,0.0067,0.0062,0.0103,0.0225,0.0,rising,0.979,0.327462,0.53384
hermano,17,0.0051,0.0021,0.0132,0.0015,0.0,falling,-0.97,0.331991,0.539966
textual,28,0.0059,0.0083,0.0044,0.0195,0.0022,rising,0.953,0.340564,0.545986
peregrinar,14,0.0,0.0,0.0206,0.0,0.0,rising,0.95,0.341927,0.545986
venado,14,0.0,0.0,0.0206,0.0,0.0,rising,0.95,0.341927,0.545986
crepusculo,19,0.0,0.0062,0.0206,0.003,0.0,rising,0.949,0.342702,0.545986
culpa,19,0.0025,0.0021,0.0162,0.003,0.0044,rising,0.949,0.342702,0.545986
eterno,10,0.0034,0.0041,0.0029,0.003,0.0,falling,-0.949,0.342403,0.545986
serie,10,0.0051,0.0,0.0,0.006,0.0,falling,-0.949,0.342403,0.545986
animal,21,0.0051,0.0041,0.0191,0.0,0.0,falling,-0.954,0.339994,0.545986
nostalgia,21,0.0042,0.0145,0.0088,0.0045,0.0,falling,-0.954,0.339994,0.545986
pais,23,0.0017,0.0062,0.0221,0.0015,0.0044,rising,0.93,0.352202,0.559849
existencia,27,0.0067,0.0021,0.0088,0.015,0.0044,rising,0.921,0.356828,0.560472
educacion,12,0.0059,0.0021,0.0,0.003,0.0044,falling,-0.92,0.357391,0.560472
filosofo,12,0.0051,0.0,0.0044,0.0045,0.0,falling,-0.92,0.357391,0.560472
gocir,12,0.0051,0.0021,0.0015,0.006,0.0,falling,-0.92,0.357391,0.560472
plata,12,0.0051,0.0,0.0044,0.0045,0.0,falling,-0.92,0.357391,0.560472
literario,138,0.0396,0.0373,0.0456,0.0569,0.0087,falling,-0.926,0.354198,0.560472
infancia,18,0.0,0.0083,0.0162,0.0045,0.0,rising,0.915,0.360298,0.563769
obra,51,0.0177,0.0124,0.0074,0.0269,0.0022,falling,-0.908,0.363826,0.568022
teatro,14,0.0051,0.0021,0.0059,0.0045,0.0,falling,-0.902,0.367179,0.571983
critico,22,0.0034,0.0083,0.0074,0.012,0.0022,rising,0.897,0.369781,0.574759
grupo,16,0.0042,0.0062,0.0088,0.003,0.0,falling,-0.89,0.373445,0.577891
opinion,16,0.0059,0.0,0.0103,0.0015,0.0022,falling,-0.89,0.373445,0.577891
nacido,12,0.0,0.0021,0.0147,0.0015,0.0,rising,0.88,0.379069,0.58488
novela,93,0.0135,0.027,0.0618,0.0314,0.0022,rising,0.879,0.37963,0.58488
sueno,66,0.0135,0.0207,0.0176,0.0419,0.0,rising,0.876,0.381122,0.585892
mirada,39,0.0084,0.0207,0.0176,0.009,0.0022,falling,-0.858,0.390763,0.599397
amoroso,16,0.0034,0.0062,0.0,0.012,0.0022,rising,0.843,0.399242,0.609736
materia,16,0.0025,0.0083,0.0029,0.0075,0.0044,rising,0.843,0.399242,0.609736
fragmentacion,11,0.0042,0.0041,0.0015,0.003,0.0022,falling,-0.829,0.407203,0.616522
gloria,11,0.0051,0.0,0.0029,0.003,0.0022,falling,-0.829,0.407203,0.616522
impotencia,11,0.0042,0.0021,0.0029,0.0045,0.0,falling,-0.829,0.407203,0.616522
reflexion,11,0.0034,0.0021,0.0074,0.0015,0.0,falling,-0.829,0.407203,0.616522
codigo,43,0.0152,0.0083,0.0015,0.012,0.0262,rising,0.824,0.41019,0.619705
traicion,24,0.0084,0.0,0.0029,0.0105,0.0109,rising,0.821,0.411573,0.620457
contradiccion,13,0.0051,0.0041,0.0015,0.0045,0.0022,falling,-0.814,0.415682,0.625308
poetico,39,0.0059,0.0083,0.025,0.0165,0.0,rising,0.812,0.416589,0.625329
solitario,15,0.0008,0.0,0.0191,0.0015,0.0,rising,0.805,0.420875,0.626859
apartado,10,0.0,0.0,0.0147,0.0,0.0,rising,0.803,0.422124,0.626859
mimetico,10,0.0017,0.0062,0.0,0.0045,0.0044,rising,0.803,0.422124,0.626859
verde,10,0.0,0.0041,0.0088,0.003,0.0,rising,0.803,0.422124,0.626859
ideal,19,0.0084,0.0,0.0029,0.009,0.0022,falling,-0.801,0.422973,0.626859
original,15,0.0051,0.0041,0.0044,0.006,0.0,falling,-0.806,0.4204,0.626859
objeto,27,0.0059,0.0062,0.0088,0.0135,0.0044,rising,0.788,0.430811,0.637127
arte,38,0.0084,0.0145,0.0074,0.018,0.0087,rising,0.782,0.434505,0.641238
lugar,61,0.0143,0.0145,0.0426,0.009,0.0044,falling,-0.772,0.440039,0.64804
compromiso,14,0.0042,0.0,0.0059,0.0015,0.0087,rising,0.765,0.444181,0.651404
practica,14,0.0051,0.0,0.0015,0.0045,0.0087,rising,0.765,0.444181,0.651404
mundo,94,0.0253,0.0187,0.0456,0.0359,0.0,falling,-0.763,0.445584,0.652096
escena,28,0.0059,0.0187,0.0074,0.0105,0.0,falling,-0.753,0.451476,0.659343
ciencia,37,0.0118,0.0041,0.0044,0.0195,0.0109,rising,0.75,0.453264,0.660577
mujer,26,0.0076,0.0124,0.0029,0.0135,0.0,falling,-0.745,0.456389,0.663752
mortal,10,0.0034,0.0,0.0074,0.0015,0.0,falling,-0.73,0.465142,0.675081
economia,16,0.0067,0.0021,0.0029,0.0045,0.0044,falling,-0.717,0.473536,0.678992
espiritual,16,0.0034,0.0083,0.0088,0.003,0.0,falling,-0.717,0.473536,0.678992
luna,14,0.0025,0.0104,0.0059,0.003,0.0,falling,-0.717,0.473648,0.678992
especie,12,0.0042,0.0,0.0074,0.003,0.0,falling,-0.72,0.471308,0.678992
liberal,12,0.0051,0.0,0.0059,0.0,0.0044,falling,-0.72,0.471308,0.678992
sexual,12,0.0025,0.0104,0.0015,0.0045,0.0,falling,-0.72,0.471308,0.678992
memorio,63,0.0126,0.027,0.0147,0.0329,0.0066,rising,0.711,0.476822,0.682147
realidad,63,0.0202,0.0145,0.0162,0.0269,0.0066,falling,-0.696,0.486719,0.694888
poema,42,0.0067,0.0187,0.0147,0.021,0.0022,rising,0.686,0.49242,0.700779
espectaculo,12,0.0025,0.0021,0.0029,0.009,0.0,rising,0.68,0.496747,0.700779
inteligencia,12,0.0042,0.0021,0.0015,0.0,0.0109,rising,0.68,0.496747,0.700779
singularidad,12,0.0034,0.0,0.0015,0.0105,0.0,rising,0.68,0.496747,0.700779
vidrio,12,0.0017,0.0041,0.0044,0.0075,0.0,rising,0.68,0.496747,0.700779
natural,24,0.0067,0.0041,0.0074,0.006,0.0109,rising,0.679,0.496843,0.700779
libertad,45,0.0126,0.0187,0.0074,0.0045,0.0284,rising,0.674,0.500434,0.703891
maquina,20,0.0034,0.0041,0.0118,0.0075,0.0022,rising,0.672,0.501836,0.703891
armonir,16,0.0,0.0062,0.0176,0.0015,0.0,rising,0.67,0.503066,0.703891
comunicacion,16,0.0025,0.0083,0.0029,0.009,0.0022,rising,0.67,0.503066,0.703891
ideologia,27,0.0076,0.0041,0.0088,0.0075,0.0109,rising,0.654,0.512993,0.715988
rostro,21,0.0051,0.0021,0.0191,0.0015,0.0,falling,-0.651,0.514776,0.715988
sombra,21,0.0051,0.0104,0.0074,0.0075,0.0,falling,-0.651,0.514776,0.715988
papel,19,0.0067,0.0021,0.0059,0.009,0.0,falling,-0.642,0.520761,0.72145
piedra,19,0.0034,0.0124,0.0088,0.0045,0.0,falling,-0.642,0.520761,0.72145
cambio,11,0.0025,0.0041,0.0029,0.0015,0.0066,rising,0.633,0.526613,0.723834
confesion,11,0.0025,0.0,0.0074,0.0015,0.0044,rising,0.633,0.526613,0.723834
peregrinaje,11,0.0008,0.0,0.0132,0.0015,0.0,rising,0.633,0.526613,0.723834
sentimiento,11,0.0025,0.0,0.0059,0.0045,0.0022,rising,0.633,0.526613,0.723834
cabeza,15,0.0034,0.0021,0.0044,0.0105,0.0,rising,0.626,0.531351,0.726076
fragmento,15,0.0034,0.0041,0.0015,0.012,0.0,rising,0.626,0.531351,0.726076
ruido,15,0.0017,0.0083,0.0044,0.009,0.0,rising,0.626,0.531351,0.726076
cadaver,11,0.0025,0.0062,0.0044,0.003,0.0,falling,-0.62,0.53528,0.730022
muerte,166,0.0421,0.0373,0.0809,0.0599,0.0066,falling,-0.614,0.539326,0.734112
voluntad,35,0.0126,0.0124,0.0029,0.009,0.0131,falling,-0.608,0.54339,0.73821
metafisico,22,0.0059,0.0021,0.0059,0.0135,0.0022,rising,0.601,0.547811,0.742777
relato,87,0.0135,0.0456,0.0279,0.0449,0.0,rising,0.592,0.55369,0.749299
duplicidad,10,0.0017,0.0,0.0074,0.0045,0.0,rising,0.584,0.559408,0.752678
retorno,10,0.0008,0.0021,0.0088,0.003,0.0,rising,0.584,0.559408,0.752678
temporalidad,10,0.0025,0.0021,0.0029,0.003,0.0044,rising,0.584,0.559408,0.752678
linguistico,14,0.0034,0.0,0.0059,0.009,0.0,rising,0.58,0.561956,0.753215
matrimonio,14,0.0042,0.0021,0.0,0.0105,0.0022,rising,0.58,0.561956,0.753215
posicion,25,0.0042,0.0083,0.0147,0.0045,0.0066,rising,0.578,0.563337,0.753625
eternidad,20,0.0076,0.0021,0.0044,0.009,0.0022,falling,-0.569,0.569249,0.760082
ideologico,21,0.0051,0.0,0.0132,0.006,0.0044,rising,0.56,0.575741,0.76729
libro,31,0.0059,0.0166,0.0044,0.0165,0.0044,rising,0.544,0.586267,0.779274
cosa,17,0.0042,0.0,0.0118,0.0015,0.0066,rising,0.543,0.586957,0.779274
canto,13,0.0017,0.0,0.0147,0.0,0.0022,rising,0.531,0.595206,0.785761
vertigo,13,0.0025,0.0041,0.0029,0.009,0.0,rising,0.531,0.595206,0.785761
rio,14,0.0042,0.0021,0.0074,0.0045,0.0,falling,-0.531,0.595181,0.785761
cuadro,12,0.0025,0.0083,0.0044,0.0015,0.0022,falling,-0.52,0.602815,0.79431
ano,20,0.0025,0.0,0.0235,0.0,0.0022,rising,0.517,0.6055,0.795095
biblioteca,10,0.0025,0.0083,0.0,0.003,0.0022,falling,-0.511,0.609081,0.795095
ceremonia,10,0.0025,0.0041,0.0044,0.003,0.0,falling,-0.511,0.609081,0.795095
paso,10,0.0017,0.0041,0.0088,0.0,0.0,falling,-0.511,0.609081,0.795095
simbolismir,10,0.0017,0.0104,0.0,0.0045,0.0,falling,-0.511,0.609081,0.795095
historico,62,0.016,0.0104,0.0309,0.012,0.0197,rising,0.507,0.611949,0.797354
dorado,16,0.0025,0.0021,0.0118,0.006,0.0,rising,0.496,0.619632,0.804374
enfermedad,16,0.0017,0.0062,0.0103,0.006,0.0,rising,0.496,0.619632,0.804374
metafora,42,0.0101,0.0228,0.0074,0.0195,0.0022,falling,-0.495,0.620893,0.804521
control,12,0.0051,0.0,0.0,0.003,0.0087,rising,0.48,0.631497,0.807808
lucha,12,0.0034,0.0062,0.0,0.0015,0.0087,rising,0.48,0.631497,0.807808
pensar,12,0.0017,0.0021,0.0088,0.0045,0.0,rising,0.48,0.631497,0.807808
malo,19,0.0059,0.0041,0.0059,0.009,0.0,falling,-0.483,0.629045,0.807808
modelo,19,0.0067,0.0041,0.0029,0.009,0.0022,falling,-0.483,0.629045,0.807808
vista,19,0.0076,0.0021,0.0044,0.0045,0.0066,falling,-0.483,0.629045,0.807808
vacio,47,0.0168,0.0083,0.0044,0.0269,0.0044,falling,-0.485,0.627758,0.807808
materno,17,0.0059,0.0021,0.0044,0.009,0.0,falling,-0.466,0.641461,0.817571
unidad,17,0.0059,0.0,0.0074,0.0075,0.0,falling,-0.466,0.641461,0.817571
representacion,24,0.0084,0.0,0.0103,0.009,0.0022,falling,-0.454,0.649939,0.826874
ambiguedad,15,0.0034,0.0,0.0088,0.0075,0.0,rising,0.447,0.654885,0.827161
aventura,15,0.0025,0.0041,0.0074,0.0075,0.0,rising,0.447,0.654885,0.827161
copia,15,0.0042,0.0,0.0044,0.0105,0.0,rising,0.447,0.654885,0.827161
destruccion,15,0.0042,0.0041,0.0059,0.006,0.0,falling,-0.448,0.654291,0.827161
cuestion,25,0.0101,0.0021,0.0029,0.0015,0.0197,rising,0.439,0.660611,0.832892
cao,11,0.0008,0.0021,0.0118,0.0015,0.0,rising,0.424,0.671328,0.832922
dimension,11,0.0017,0.0041,0.0059,0.003,0.0022,rising,0.424,0.671328,0.832922
estanque,11,0.0008,0.0,0.0147,0.0,0.0,rising,0.424,0.671328,0.832922
fracaso,11,0.0034,0.0,0.0015,0.009,0.0,rising,0.424,0.671328,0.832922
geografico,11,0.0008,0.0041,0.0088,0.003,0.0,rising,0.424,0.671328,0.832922
ingles,18,0.0017,0.0124,0.0088,0.003,0.0044,rising,0.424,0.671211,0.832922
modernismo,11,0.0034,0.0,0.0015,0.009,0.0,rising,0.424,0.671328,0.832922
temporal,11,0.0034,0.0021,0.0,0.0075,0.0022,rising,0.424,0.671328,0.832922
figura,29,0.0109,0.0041,0.0029,0.015,0.0044,falling,-0.435,0.663733,0.832922
campo,31,0.0109,0.0041,0.0044,0.009,0.0153,rising,0.419,0.674866,0.835832
pecado,27,0.0101,0.0062,0.0029,0.009,0.0087,falling,-0.415,0.678306,0.838611
medieval,11,0.0051,0.0,0.0029,0.0,0.0066,falling,-0.411,0.680994,0.840452
humanidad,24,0.0076,0.0021,0.0103,0.0015,0.0131,rising,0.396,0.692004,0.84969
ilusion,24,0.0051,0.0,0.0176,0.009,0.0,rising,0.396,0.692004,0.84969
zona,14,0.0034,0.0062,0.0015,0.006,0.0044,rising,0.395,0.693046,0.84969
ojo,18,0.0042,0.0062,0.0088,0.006,0.0,falling,-0.393,0.69454,0.84969
secreto,18,0.0067,0.0041,0.0029,0.0045,0.0066,falling,-0.393,0.69454,0.84969
posesion,17,0.0034,0.0062,0.0044,0.0105,0.0,rising,0.375,0.707586,0.864143
idioma,10,0.0017,0.0041,0.0029,0.006,0.0,rising,0.365,0.715336,0.86457
mesa,10,0.0017,0.0021,0.0059,0.0045,0.0,rising,0.365,0.715336,0.86457
prision,10,0.0034,0.0021,0.0015,0.0015,0.0066,rising,0.365,0.715336,0.86457
psicologia,10,0.0017,0.0041,0.0044,0.003,0.0022,rising,0.365,0.715336,0.86457
topico,10,0.0025,0.0021,0.0029,0.0045,0.0022,rising,0.365,0.715336,0.86457
construccion,16,0.0042,0.0083,0.0029,0.006,0.0022,falling,-0.37,0.711282,0.86457
terror,20,0.0034,0.0041,0.0147,0.0045,0.0022,rising,0.361,0.717791,0.866044
viaje,23,0.0017,0.0124,0.0162,0.006,0.0,rising,0.352,0.725162,0.872297
historia,124,0.037,0.027,0.0397,0.0449,0.0218,falling,-0.351,0.725462,0.872297
convencion,21,0.0059,0.0104,0.0029,0.0075,0.0044,falling,-0.349,0.727344,0.873062
efecto,26,0.0051,0.0145,0.0088,0.003,0.0109,rising,0.344,0.730576,0.873948
hombre,68,0.0185,0.0104,0.0368,0.018,0.0087,falling,-0.345,0.729838,0.873948
conocimiento,32,0.0101,0.0124,0.0015,0.0075,0.0175,rising,0.335,0.737532,0.879268
soledad,26,0.0059,0.0083,0.0132,0.009,0.0,falling,-0.336,0.736592,0.879268
enunciacion,51,0.0194,0.0124,0.0044,0.012,0.024,falling,-0.323,0.746906,0.887426
castigo,19,0.0084,0.0021,0.0015,0.003,0.0109,falling,-0.324,0.745961,0.887426
madera,12,0.0008,0.0104,0.0074,0.0015,0.0,falling,-0.32,0.748694,0.888045
descripcion,19,0.0034,0.0104,0.0059,0.006,0.0044,rising,0.312,0.75471,0.892161
sonido,19,0.0042,0.0041,0.0074,0.0105,0.0,rising,0.312,0.75471,0.892161
punto,34,0.0126,0.0021,0.0103,0.009,0.0109,falling,-0.303,0.762209,0.89951
documento,10,0.0017,0.0041,0.0074,0.0015,0.0,falling,-0.292,0.770008,0.901128
intimo,10,0.0025,0.0041,0.0029,0.0045,0.0,falling,-0.292,0.770008,0.901128
paraiso,10,0.0008,0.0083,0.0059,0.0015,0.0,falling,-0.292,0.770008,0.901128
ruina,10,0.0042,0.0,0.0,0.0075,0.0,falling,-0.292,0.770008,0.901128
oposicion,17,0.0059,0.0021,0.0059,0.0045,0.0044,falling,-0.298,0.76608,0.901128
contacto,12,0.0025,0.0041,0.0029,0.0075,0.0,rising,0.28,0.779765,0.907998
humor,12,0.0042,0.0,0.0,0.0105,0.0,rising,0.28,0.779765,0.907998
olor,12,0.0008,0.0104,0.0029,0.006,0.0,rising,0.28,0.779765,0.907998
cita,15,0.0017,0.0104,0.0044,0.0075,0.0,rising,0.268,0.788679,0.913824
romanticismo,15,0.0042,0.0,0.0059,0.009,0.0,rising,0.268,0.788679,0.913824
estilistico,15,0.0042,0.0062,0.0044,0.003,0.0044,falling,-0.269,0.788045,0.913824
lenguaje,93,0.0253,0.0249,0.0265,0.0374,0.0175,rising,0.224,0.822509,0.934784
narrador,38,0.0076,0.0104,0.0191,0.0165,0.0,rising,0.217,0.827861,0.934784
aspecto,11,0.0034,0.0041,0.0015,0.0015,0.0066,rising,0.215,0.829402,0.934784
cancion,11,0.0008,0.0062,0.0088,0.0,0.0022,rising,0.215,0.829402,0.934784
colectivo,11,0.0025,0.0021,0.0059,0.003,0.0022,rising,0.215,0.829402,0.934784
gesto,11,0.0034,0.0021,0.0015,0.006,0.0022,rising,0.215,0.829402,0.934784
logico,11,0.0017,0.0083,0.0015,0.0045,0.0022,rising,0.215,0.829402,0.934784
movimiento,35,0.0084,0.0104,0.0103,0.018,0.0022,rising,0.215,0.82994,0.934784
pacto,11,0.0025,0.0062,0.0,0.006,0.0022,rising,0.215,0.829402,0.934784
potencia,11,0.0017,0.0041,0.0059,0.0045,0.0,rising,0.215,0.829402,0.934784
drama,14,0.0051,0.0,0.0029,0.006,0.0044,rising,0.21,0.834049,0.934784
futuro,14,0.0042,0.0041,0.0029,0.003,0.0066,rising,0.21,0.834049,0.934784
materialidad,14,0.0034,0.0,0.0088,0.006,0.0,rising,0.21,0.834049,0.934784
oscuridad,23,0.0025,0.0124,0.0132,0.0075,0.0,rising,0.207,0.836105,0.934784
paisaje,17,0.0034,0.0021,0.0118,0.006,0.0,rising,0.207,0.83605,0.934784
seduccion,17,0.0051,0.0021,0.0074,0.003,0.0066,rising,0.207,0.83605,0.934784
escritor,41,0.0126,0.0062,0.0103,0.024,0.0,falling,-0.214,0.830259,0.934784
cuento,18,0.0051,0.0021,0.0088,0.0075,0.0,falling,-0.229,0.818664,0.934784
escrito,18,0.0067,0.0021,0.0015,0.0105,0.0022,falling,-0.229,0.818664,0.934784
mito,13,0.0034,0.0021,0.0074,0.0045,0.0,falling,-0.237,0.812345,0.934784
presencia,13,0.0017,0.0104,0.0044,0.0045,0.0,falling,-0.237,0.812345,0.934784
verosimil,13,0.0025,0.0083,0.0029,0.006,0.0,falling,-0.237,0.812345,0.934784
fiesta,11,0.0008,0.0124,0.0015,0.0045,0.0,falling,-0.202,0.839722,0.937333
amor,52,0.0126,0.0166,0.0132,0.0284,0.0022,rising,0.199,0.84231,0.938681
signo,21,0.0059,0.0083,0.0029,0.0105,0.0022,falling,-0.197,0.843608,0.938681
cine,31,0.0101,0.0041,0.0015,0.024,0.0,rising,0.17,0.865064,0.953411
real,25,0.0076,0.0062,0.0059,0.0075,0.0087,rising,0.161,0.871758,0.953411
memoria,22,0.0025,0.0166,0.0059,0.0105,0.0,rising,0.157,0.875022,0.953411
verosimilitud,19,0.0059,0.0021,0.0059,0.0075,0.0044,rising,0.153,0.878135,0.953411
color,16,0.0034,0.0062,0.0044,0.009,0.0,rising,0.15,0.880947,0.953411
corrupcion,16,0.0025,0.0021,0.0147,0.003,0.0,rising,0.15,0.880947,0.953411
felicidad,16,0.0042,0.0021,0.0059,0.009,0.0,rising,0.15,0.880947,0.953411
verbal,16,0.0042,0.0062,0.0015,0.009,0.0022,rising,0.15,0.880947,0.953411
continuidad,13,0.0042,0.0,0.0029,0.009,0.0,rising,0.147,0.883169,0.953411
mar,13,0.0025,0.0062,0.0029,0.0075,0.0,rising,0.147,0.883169,0.953411
nocturno,10,0.0008,0.0021,0.0118,0.0,0.0,rising,0.146,0.884176,0.953411
planta,10,0.0017,0.0021,0.0074,0.003,0.0,rising,0.146,0.884176,0.953411
sensibilidad,10,0.0017,0.0062,0.0015,0.006,0.0,rising,0.146,0.884176,0.953411
situacion,10,0.0025,0.0041,0.0029,0.0015,0.0044,rising,0.146,0.884176,0.953411
vocacion,10,0.0025,0.0021,0.0044,0.003,0.0022,rising,0.146,0.884176,0.953411
autor,39,0.0126,0.0083,0.0088,0.0105,0.0153,rising,0.144,0.885407,0.953411
narracion,40,0.0067,0.0187,0.0206,0.0135,0.0,falling,-0.147,0.882875,0.953411
invencion,14,0.0042,0.0062,0.0015,0.0045,0.0044,falling,-0.161,0.872159,0.953411
parodiar,14,0.0042,0.0041,0.0015,0.009,0.0,falling,-0.161,0.872159,0.953411
transgresion,14,0.0051,0.0021,0.0015,0.0075,0.0022,falling,-0.161,0.872159,0.953411
clasico,19,0.0067,0.0,0.0074,0.006,0.0044,falling,-0.165,0.869047,0.953411
filosofia,36,0.0118,0.0062,0.0074,0.0135,0.0109,rising,0.138,0.889921,0.955337
censura,22,0.0051,0.0104,0.0074,0.006,0.0044,falling,-0.139,0.889799,0.955337
juego,30,0.0076,0.0104,0.0088,0.0135,0.0022,falling,-0.127,0.898622,0.963202
diferencia,12,0.0025,0.0021,0.0088,0.003,0.0,falling,-0.12,0.904193,0.963282
fuente,12,0.0025,0.0041,0.0059,0.0045,0.0,falling,-0.12,0.904193,0.963282
heroe,12,0.0034,0.0,0.0074,0.0045,0.0,falling,-0.12,0.904193,0.963282
cultura,59,0.0185,0.0083,0.0162,0.0284,0.0066,falling,-0.125,0.900576,0.963282
delirio,21,0.0034,0.0021,0.0206,0.003,0.0,rising,0.105,0.915997,0.969844
agua,20,0.0051,0.0021,0.0118,0.0075,0.0,falling,-0.104,0.91727,0.969844
estetico,20,0.0042,0.0083,0.0088,0.006,0.0022,falling,-0.104,0.91727,0.969844
imaginacion,20,0.0059,0.0021,0.0088,0.0075,0.0022,falling,-0.104,0.91727,0.969844
significado,20,0.0059,0.0041,0.0044,0.012,0.0,falling,-0.104,0.91727,0.969844
alegoer,18,0.0034,0.0,0.0176,0.003,0.0,rising,0.098,0.922241,0.973466
aire,15,0.0042,0.0021,0.0059,0.006,0.0022,rising,0.089,0.929028,0.973466
perspectiva,15,0.0051,0.0041,0.0015,0.0045,0.0066,rising,0.089,0.929028,0.973466
inocencia,15,0.0034,0.0062,0.0074,0.0015,0.0044,falling,-0.09,0.928373,0.973466
negativo,15,0.0051,0.0,0.0074,0.003,0.0044,falling,-0.09,0.928373,0.973466
espiritu,60,0.0126,0.0041,0.0515,0.0105,0.0022,falling,-0.091,0.927575,0.973466
territorio,26,0.0059,0.0041,0.0191,0.0015,0.0066,rising,0.072,0.942548,0.977405
castellano,10,0.0008,0.0083,0.0044,0.003,0.0,falling,-0.073,0.941533,0.977405
eleccion,10,0.0025,0.0062,0.0015,0.0015,0.0044,falling,-0.073,0.941533,0.977405
gusto,10,0.0,0.0124,0.0029,0.003,0.0,falling,-0.073,0.941533,0.977405
medico,10,0.0025,0.0041,0.0044,0.0,0.0044,falling,-0.073,0.941533,0.977405
proyecto,10,0.0017,0.0041,0.0059,0.003,0.0,falling,-0.073,0.941533,0.977405
experiencia,31,0.0093,0.0104,0.0015,0.0195,0.0022,falling,-0.08,0.936542,0.977405
poeta,42,0.0059,0.0145,0.0338,0.0075,0.0,falling,-0.065,0.948084,0.980246
testimonio,18,0.0059,0.0041,0.0059,0.0015,0.0087,falling,-0.066,0.947516,0.980246
frase,20,0.0034,0.0104,0.0088,0.006,0.0022,rising,0.051,0.959148,0.987885
camino,13,0.0025,0.0062,0.0044,0.006,0.0,falling,-0.045,0.963928,0.987885
conflicto,13,0.0051,0.0,0.0029,0.0045,0.0044,falling,-0.045,0.963928,0.987885
identificacion,13,0.0042,0.0021,0.0015,0.009,0.0,falling,-0.045,0.963928,0.987885
padre,21,0.0042,0.0104,0.0059,0.0105,0.0,falling,-0.046,0.963389,0.987885
miedo,29,0.0042,0.0228,0.0074,0.009,0.0044,falling,-0.048,0.961826,0.987885
metonimia,14,0.0042,0.0021,0.0044,0.006,0.0022,rising,0.024,0.980615,0.993987
monologo,14,0.0017,0.0124,0.0015,0.0075,0.0,rising,0.024,0.980615,0.993987
realista,14,0.0042,0.0041,0.0015,0.0075,0.0022,rising,0.024,0.980615,0.993987
sacrificio,14,0.0042,0.0062,0.0,0.006,0.0044,rising,0.024,0.980615,0.993987
transformacion,14,0.0025,0.0083,0.0059,0.0015,0.0044,rising,0.024,0.980615,0.993987
filosofico,16,0.0059,0.0,0.0029,0.009,0.0022,falling,-0.024,0.981226,0.993987
tecnico,16,0.0034,0.0062,0.0088,0.0015,0.0044,falling,-0.024,0.981226,0.993987
muerto,32,0.0067,0.0,0.0294,0.006,0.0,falling,-0.033,0.97339,0.993987
letra,35,0.0118,0.0,0.0118,0.0165,0.0044,falling,-0.02,0.983873,0.995231
genero,74,0.0177,0.0104,0.0426,0.0269,0.0022,rising,0.01,0.992091,0.99682
operacion,22,0.0067,0.0062,0.0044,0.0075,0.0066,rising,0.009,0.99253,0.99682
central,11,0.0042,0.0,0.0,0.009,0.0,rising,0.007,0.994726,0.99682
principe,11,0.0034,0.0,0.0059,0.003,0.0022,rising,0.007,0.994726,0.99682
creacion,19,0.0042,0.0104,0.0029,0.009,0.0022,falling,-0.006,0.995398,0.99682
verso,19,0.0017,0.0062,0.0206,0.0,0.0,falling,-0.006,0.995398,0.99682
luz,38,0.0051,0.0207,0.0206,0.012,0.0,falling,-0.008,0.993475,0.99682
texto,79,0.0177,0.0394,0.0176,0.0329,0.0109,falling,-0.004,0.997145,0.997145
